row,scheme,rank,acceptability
P4-71,centred,1,0.9028
P4-71,centred,2,0.0396
P4-71,centred,3,0.0182
P4-71,centred,4,0.0171
P4-71,centred,5,0.0058
P4-71,centred,6,0.0036
P4-71,centred,7,0.0027
P4-71,centred,8,0.0012
P4-71,centred,9,0.0012
P4-71,centred,10,0.0003
P2-46,centred,1,0.0411
P2-46,centred,2,0.5066
P2-46,centred,3,0.1296
P2-46,centred,4,0.0409
P2-46,centred,5,0.0440
P2-46,centred,6,0.0283
P2-46,centred,7,0.0245
P2-46,centred,8,0.0185
P2-46,centred,9,0.0159
P2-46,centred,10,0.0119
P2-02,centred,1,0.0000
P2-02,centred,2,0.0162
P2-02,centred,3,0.3158
P2-02,centred,4,0.2181
P2-02,centred,5,0.0502
P2-02,centred,6,0.0579
P2-02,centred,7,0.0394
P2-02,centred,8,0.0369
P2-02,centred,9,0.0247
P2-02,centred,10,0.0209
P2-01,centred,1,0.0000
P2-01,centred,2,0.0101
P2-01,centred,3,0.1322
P2-01,centred,4,0.2276
P2-01,centred,5,0.0961
P2-01,centred,6,0.0401
P2-01,centred,7,0.0646
P2-01,centred,8,0.0464
P2-01,centred,9,0.0337
P2-01,centred,10,0.0269
P3-09,centred,1,0.0095
P3-09,centred,2,0.0774
P3-09,centred,3,0.0682
P3-09,centred,4,0.0658
P3-09,centred,5,0.1437
P3-09,centred,6,0.0827
P3-09,centred,7,0.0720
P3-09,centred,8,0.0639
P3-09,centred,9,0.0545
P3-09,centred,10,0.0431
P4-24,centred,1,0.0282
P4-24,centred,2,0.1337
P4-24,centred,3,0.0666
P4-24,centred,4,0.0474
P4-24,centred,5,0.0762
P4-24,centred,6,0.0746
P4-24,centred,7,0.0481
P4-24,centred,8,0.0493
P4-24,centred,9,0.0566
P4-24,centred,10,0.0563
P1-12,centred,1,0.0000
P1-12,centred,2,0.0052
P1-12,centred,3,0.0001
P1-12,centred,4,0.0428
P1-12,centred,5,0.0379
P1-12,centred,6,0.1482
P1-12,centred,7,0.0741
P1-12,centred,8,0.0848
P1-12,centred,9,0.0234
P1-12,centred,10,0.0608
P1-25,centred,1,0.0000
P1-25,centred,2,0.0000
P1-25,centred,3,0.0430
P1-25,centred,4,0.0366
P1-25,centred,5,0.1133
P1-25,centred,6,0.0634
P1-25,centred,7,0.0874
P1-25,centred,8,0.0281
P1-25,centred,9,0.0723
P1-25,centred,10,0.0219
P2-07,centred,1,0.0129
P2-07,centred,2,0.1115
P2-07,centred,3,0.0319
P2-07,centred,4,0.0595
P2-07,centred,5,0.0870
P2-07,centred,6,0.0404
P2-07,centred,7,0.0441
P2-07,centred,8,0.0300
P2-07,centred,9,0.0278
P2-07,centred,10,0.0258
P2-03,centred,1,0.0015
P2-03,centred,2,0.0157
P2-03,centred,3,0.0232
P2-03,centred,4,0.0293
P2-03,centred,5,0.0250
P2-03,centred,6,0.0355
P2-03,centred,7,0.0392
P2-03,centred,8,0.0390
P2-03,centred,9,0.0414
P2-03,centred,10,0.0428
P4-71,pm50,1,1.0000
P4-71,pm50,2,0.0000
P4-71,pm50,3,0.0000
P4-71,pm50,4,0.0000
P4-71,pm50,5,0.0000
P4-71,pm50,6,0.0000
P4-71,pm50,7,0.0000
P4-71,pm50,8,0.0000
P4-71,pm50,9,0.0000
P4-71,pm50,10,0.0000
P2-46,pm50,1,0.0000
P2-46,pm50,2,0.8974
P2-46,pm50,3,0.0649
P2-46,pm50,4,0.0248
P2-46,pm50,5,0.0059
P2-46,pm50,6,0.0031
P2-46,pm50,7,0.0018
P2-46,pm50,8,0.0005
P2-46,pm50,9,0.0010
P2-46,pm50,10,0.0004
P2-02,pm50,1,0.0000
P2-02,pm50,2,0.0000
P2-02,pm50,3,0.7209
P2-02,pm50,4,0.1627
P2-02,pm50,5,0.0549
P2-02,pm50,6,0.0236
P2-02,pm50,7,0.0142
P2-02,pm50,8,0.0100
P2-02,pm50,9,0.0054
P2-02,pm50,10,0.0037
P2-01,pm50,1,0.0000
P2-01,pm50,2,0.0000
P2-01,pm50,3,0.0420
P2-01,pm50,4,0.4898
P2-01,pm50,5,0.1728
P2-01,pm50,6,0.0883
P2-01,pm50,7,0.0600
P2-01,pm50,8,0.0382
P2-01,pm50,9,0.0302
P2-01,pm50,10,0.0191
P3-09,pm50,1,0.0000
P3-09,pm50,2,0.0105
P3-09,pm50,3,0.0519
P3-09,pm50,4,0.0991
P3-09,pm50,5,0.3024
P3-09,pm50,6,0.2013
P3-09,pm50,7,0.0551
P3-09,pm50,8,0.1155
P3-09,pm50,9,0.0828
P3-09,pm50,10,0.0334
P4-24,pm50,1,0.0000
P4-24,pm50,2,0.0862
P4-24,pm50,3,0.0875
P4-24,pm50,4,0.0870
P4-24,pm50,5,0.1633
P4-24,pm50,6,0.1933
P4-24,pm50,7,0.0473
P4-24,pm50,8,0.1045
P4-24,pm50,9,0.1140
P4-24,pm50,10,0.0495
P1-12,pm50,1,0.0000
P1-12,pm50,2,0.0000
P1-12,pm50,3,0.0000
P1-12,pm50,4,0.0010
P1-12,pm50,5,0.0109
P1-12,pm50,6,0.1538
P1-12,pm50,7,0.2135
P1-12,pm50,8,0.1975
P1-12,pm50,9,0.0305
P1-12,pm50,10,0.1129
P1-25,pm50,1,0.0000
P1-25,pm50,2,0.0000
P1-25,pm50,3,0.0008
P1-25,pm50,4,0.0101
P1-25,pm50,5,0.0832
P1-25,pm50,6,0.1290
P1-25,pm50,7,0.1488
P1-25,pm50,8,0.0877
P1-25,pm50,9,0.1730
P1-25,pm50,10,0.0492
P2-07,pm50,1,0.0000
P2-07,pm50,2,0.0056
P2-07,pm50,3,0.0255
P2-07,pm50,4,0.1021
P2-07,pm50,5,0.1520
P2-07,pm50,6,0.0657
P2-07,pm50,7,0.0876
P2-07,pm50,8,0.0567
P2-07,pm50,9,0.0716
P2-07,pm50,10,0.0448
P2-03,pm50,1,0.0000
P2-03,pm50,2,0.0000
P2-03,pm50,3,0.0004
P2-03,pm50,4,0.0068
P2-03,pm50,5,0.0145
P2-03,pm50,6,0.0220
P2-03,pm50,7,0.0682
P2-03,pm50,8,0.0550
P2-03,pm50,9,0.0738
P2-03,pm50,10,0.0833
P4-71,uniform,1,0.8599
P4-71,uniform,2,0.0476
P4-71,uniform,3,0.0193
P4-71,uniform,4,0.0130
P4-71,uniform,5,0.0081
P4-71,uniform,6,0.0072
P4-71,uniform,7,0.0053
P4-71,uniform,8,0.0036
P4-71,uniform,9,0.0029
P4-71,uniform,10,0.0024
P2-46,uniform,1,0.0168
P2-46,uniform,2,0.2097
P2-46,uniform,3,0.0725
P2-46,uniform,4,0.0473
P2-46,uniform,5,0.0334
P2-46,uniform,6,0.0336
P2-46,uniform,7,0.0280
P2-46,uniform,8,0.0239
P2-46,uniform,9,0.0204
P2-46,uniform,10,0.0202
P2-02,uniform,1,0.0000
P2-02,uniform,2,0.0039
P2-02,uniform,3,0.0718
P2-02,uniform,4,0.0935
P2-02,uniform,5,0.0367
P2-02,uniform,6,0.0370
P2-02,uniform,7,0.0311
P2-02,uniform,8,0.0260
P2-02,uniform,9,0.0241
P2-02,uniform,10,0.0206
P2-01,uniform,1,0.0000
P2-01,uniform,2,0.0085
P2-01,uniform,3,0.0985
P2-01,uniform,4,0.0712
P2-01,uniform,5,0.0446
P2-01,uniform,6,0.0293
P2-01,uniform,7,0.0297
P2-01,uniform,8,0.0244
P2-01,uniform,9,0.0244
P2-01,uniform,10,0.0198
P3-09,uniform,1,0.0093
P3-09,uniform,2,0.0672
P3-09,uniform,3,0.0784
P3-09,uniform,4,0.0705
P3-09,uniform,5,0.0830
P3-09,uniform,6,0.0632
P3-09,uniform,7,0.0567
P3-09,uniform,8,0.0482
P3-09,uniform,9,0.0408
P3-09,uniform,10,0.0330
P4-24,uniform,1,0.0629
P4-24,uniform,2,0.2487
P4-24,uniform,3,0.1041
P4-24,uniform,4,0.0629
P4-24,uniform,5,0.0654
P4-24,uniform,6,0.0564
P4-24,uniform,7,0.0456
P4-24,uniform,8,0.0330
P4-24,uniform,9,0.0348
P4-24,uniform,10,0.0304
P1-12,uniform,1,0.0000
P1-12,uniform,2,0.0042
P1-12,uniform,3,0.0003
P1-12,uniform,4,0.0246
P1-12,uniform,5,0.0215
P1-12,uniform,6,0.0537
P1-12,uniform,7,0.0150
P1-12,uniform,8,0.0417
P1-12,uniform,9,0.0128
P1-12,uniform,10,0.0342
P1-25,uniform,1,0.0000
P1-25,uniform,2,0.0000
P1-25,uniform,3,0.0227
P1-25,uniform,4,0.0205
P1-25,uniform,5,0.0392
P1-25,uniform,6,0.0106
P1-25,uniform,7,0.0418
P1-25,uniform,8,0.0117
P1-25,uniform,9,0.0401
P1-25,uniform,10,0.0138
P2-07,uniform,1,0.0105
P2-07,uniform,2,0.0494
P2-07,uniform,3,0.0220
P2-07,uniform,4,0.0189
P2-07,uniform,5,0.0248
P2-07,uniform,6,0.0192
P2-07,uniform,7,0.0167
P2-07,uniform,8,0.0167
P2-07,uniform,9,0.0140
P2-07,uniform,10,0.0121
P2-03,uniform,1,0.0159
P2-03,uniform,2,0.0749
P2-03,uniform,3,0.0828
P2-03,uniform,4,0.0649
P2-03,uniform,5,0.0517
P2-03,uniform,6,0.0491
P2-03,uniform,7,0.0468
P2-03,uniform,8,0.0402
P2-03,uniform,9,0.0392
P2-03,uniform,10,0.0323
